题目ID,科目,编章,章节,题型,题干,选项A,选项B,选项C,选项D,选项E,答案,解析,考点
minfa-079,民法,第二编 物权编,第一章 物与物权 / 第一节 物,多选,下列各选项中，哪些属于民法上的孳息？,出租柜台所得租金,果树上已成熟的果实,投资股市所获得的股息,彩票中奖所得奖金,,AD,"①天然孳息的认定须符合两个要求：（1）独立性，须与原物相分离；（2）出产物，须分离不会对原物造成根本性的破坏。B选项中，果实尚在果树之“上”，与原物（果树）尚未分离，不能被认定为天然孳息。故B选项错误，不当选。
②法定孳息的认定须满足“不使用原本的代价”这一标准，其要求“原本”并未丧失，不存在风险。A选项中，出租柜台则所有权人暂时不再使用原本（柜台）而获得的对价就属于租金，原本（柜台）并未丧失，因此其属于法定孳息。故A选项正确，当选。
③C选项中，投资股市则将丧失投入的原本（资金），进而获得对价（股权），基于该股权而产生了股息。因此，股息并非不使用原本的对价，而是丧失原本的对价，其不属于法定孳息。故C选项错误，不当选。
④D选项中，不需要掌握具体的原理，简单的记住奖金属于彩票的孳息即可，并且由于这类孳息获取是不确定的，其又被称为“射幸孳息”。故D选项正确，当选。
综上，本题的正确选项为AD选项。",孳息；天然孳息；法定孳息
minfa-080,民法,第二编 物权编,第一章 物与物权 / 第二节 物权,单选,甲将300册藏书送给乙，并约定乙不得转让给第三人，否则甲有权收回藏书。其后甲向乙交付了300册藏书。下列哪一说法是正确的？,甲与乙的赠与合同无效，乙不能取得藏书的所有权,甲与乙的赠与合同无效，乙取得了藏书的所有权,甲与乙的赠与合同为附条件的合同，乙不能取得藏书的所有权,甲与乙的赠与合同有效，乙取得了藏书的所有权,,D,"①《民法典》第116条规定：“物权的种类和内容，由法律规定。”此所谓“物权法定原则”，具体又包括：（1）物权类型法定；（2）物权内容法定。
②甲与乙签订赠与合同，将300册藏书赠予乙，但约定“乙不得转让给第三人”这一约定剥夺了乙对图书的处分权，而一旦赠与成功，乙即成为该图书的所有权人，作为所有权人乙享有“占有、使用、收益、处分”的权能。换言之，甲与乙的约定违反“物权法定原则”中的“物权内容法定”。
③违反物权法定原则的约定，不能发生物权效力，但是该约定不因违反物权法定而无效，只要没有其他的效力瑕疵，其可以产生债权的效力。本题中，甲与乙之间限制乙转让的约定虽违反物权法定不能发生物权效力（乙的所有权中依然包含处分权能），但是作为一份合同，其不存在其他效力瑕疵，应该被认定为有效。故A选项错误，不当选；B选项错误，不当选。
④附条件的法律行为是以未来可能发生的某一事实对法律行为的效力进行约束。本题中，约定乙转让给第三人则甲有权收回藏书。这一约定并未对该赠与合同的效力进行限定，并不因此导致该赠与合同生效或失效，而是约定在某一条件满足时，赠与人甲享有“解除权”可以解除该赠与合同、收回藏书。故C选项错误，不当选。
⑤在甲与乙之间基于赠与合同发生物权变动属于“基于法律行为的物权变动”，须满足三个要件：（1）法律行为有效，甲与乙的赠与合同有效；（2）处分人甲有处分权；（3）甲向乙完成动产图书的交付。因此，乙已经取得藏书的所有权。故D选项正确，当选。
综上，本题的正确选项为D选项。",物权法定原则；附条件的法律行为
minfa-081,民法,第二编 物权编,第二章 物权的保护,多选,黄某居住于某小区靠道路一侧，小区出口区域属于小区业主共有部分，经常停放多辆某品牌的共享单车，严重影响该小区业主的正常出行。经查，甲科技公司为该品牌共享单车提供网络技术服务，乙公司是该共享单车实际运营管理方。某日，在该小区附近上班的史某将共享单车停放在该小区出口区域，黄某见状要求史某挪车被拒。黄某遂向甲科技公司、乙公司邮寄律师函，要求其采取相应措施。关于黄某的请求，能够得到支持的有？,要求史某挪车,要求乙公司挪车,要求甲科技公司将小区出口区域设置为禁停区,要求甲科技公司与乙公司赔偿精神损害,,ABC,"①《民法典》第236条规定：“妨害物权或者可能妨害物权的，权利人可以请求排除妨害或者消除危险。”本题中，黄某作为建筑物区分所有权人系物权人的一种，史某将共享单车停放在出口区域的行为妨害了黄某的建筑物区分所有权（物权行使），黄某享有排除妨害请求权。
②排除妨害请求权针对的对象包括：行为妨害人与状态妨害人。本题中，停放共享单车的妨害行为是史某实施的，因此，黄某有权要求史某这一行为妨害人排除妨害，挪开单车。故A选项正确，当选。
③甲科技公司与乙公司虽然不是妨害行为的实施者，但二者对妨害行为的除去具有控制力。因此，黄某也可以请求状态妨害人甲科技公司与乙公司排除妨害。只不过二者排除妨害的方法不一样，对于技术提供者甲科技公司而言其排除妨害的方法是设置禁停区域，对运营管理者乙公司而言其排除妨害的方法是挪走单车。故B选项正确，当选；C选项正确，当选。
④仅在侵害人身权或人格象征物造成严重精神痛苦时，方可产生精神损害赔偿请求权。本案中，甲科技公司与乙公司的行为仅侵犯黄某的建筑物区分所有权（物权），未侵犯黄某的人身权或人格象征物，不产生精神损害赔偿请求权。故D选项错误，不当选。
综上，本题的正确选项为ABC选项。",排除妨害请求权；精神损害赔偿请求权
minfa-082,民法,第二编 物权编,第二章 物权的保护,多选,赵某的老屋因年久失修而部分倒塌，砸坏了邻居李某停放在自家院中的汽车一辆，且赵某的房屋剩余部分仍摇摇欲坠，存在倾倒的危险。李某为清理倒入院中的砖瓦花费300元，修理被砸坏的汽车支出500元。关于李某的下列请求，能够得到法院支持的有？,请求赵某偿还清理费300元,请求赵某赔偿修理费500元,请求赵某清理自己院内还残存的砖瓦,请求赵某拆除或加固尚未倒塌的部分房屋,,ABCD,"①《民法典》第236条规定：“妨害物权或者可能妨害物权的，权利人可以请求排除妨害或者消除危险。”本题中，赵某的房屋倒塌，部分砖瓦落入李某院内，属于对李某房屋所有权的妨害，李某对妨害人赵某享有排除妨害请求权，其有权要求赵某将尚未清除的砖瓦进行清理。故C选项正确，当选。
②关于排除妨害的费用，现行法未做规定，根据民法通说：（1）妨害人对妨害发生有过错的，排除费用由妨害人承担；（2）妨害人对妨害发生无过错的，排除费用由双方当事人分担。本题中，对于房屋年久失修导致的房屋倒塌，赵某存在过错，因此该排除费用（清理费300元）应由妨害人赵某承担，即李某有权请求赵某偿还300元。故A选项正确，当选。
③除已经发生的妨害外，房屋摇摇欲坠还存在现实危险，李某对危险控制者赵某还享有消除危险请求权，有权请求赵某消除这一危险，即“拆除或加固尚未倒塌的部分房屋”。故D选项正确，当选。
④《民法典》第1252条第2款规定：“因所有人、管理人、使用人或者第三人的原因，建筑物、构筑物或者其他设施倒塌、塌陷造成他人损害的，由所有人、管理人、使用人或者第三人承担侵权责任。”本题中，由于房屋所有权人赵某的过错（年久失修）导致房屋倒塌造成李某的汽车损害，赵某对李某构成过错侵权，须承担侵权责任。因此，李某就支出的500元修理费对赵某享有侵权损害赔偿请求权。故B选项正确，当选。
综上，本题的正确选项为ABCD选项。",排除妨害请求权；消除危险请求权；建筑物倒塌致人损害
minfa-083,民法,第二编 物权编,第二章 物权的保护,多选,李某与王某系邻居，某日李某擅自将自己的汽车停放在王家中的停车位上，当日晚王某回来时无法停车也无法联系到李某。王某遂致电拖车公司将李某的汽车拖走，并为此支付拖车费用500元。关于本案，下列哪些说法是正确的？,李某的行为侵害了王某对停车位享有的物权,王某有权请求李某承担缔约过失责任,王某有权请求李某返还不当得利,王某有权请求李某赔偿拖车费500元,,ACD,"①李某擅自将自己的汽车停放在王某的停车位上，导致王某的停车位所有权无法正常行使，该行为侵害了王某对停车位享有的物权，由此造成了王某支付拖车费500元的经济损失。因此，王某对李某享有损害赔偿请求权，有权请求李某赔偿500元。故A选项正确，当选；D选项正确，当选。
②缔约过失责任是指在合同缔结过程中，一方当事人因过错违反了先合同义务，进而需要对另一方当事人所承担的损害赔偿责任。缔约过失责任仅能发生在合同订立过程中，本题中，李某与王某并未进入合同缔结的过程，不可能产生缔约过失责任。故B选项错误，不当选。
③不当得利的构成须符合四个要件：（1）一方当事人获得利益；（2）另一方当事人遭受损失；（3）得利与损失之间存在因果关系；（4）得利没有法律上的正当原因。本题中，（1）李某将汽车停放在王某的停车位，其获得了利益（节约了停车费用）；（2）王某遭受了损失，支付了拖车费；（3）二者之间存在因果关系；（4）李某获得利益不具有法律上的正当原因。因此，李某构成不当得利，王某有权请求李某返还不当得利。故C选项正确，当选。
综上，本题的正确选项为ACD选项。",缔约过失责任；不当得利；损害赔偿
minfa-084,民法,第二编 物权编,第二章 物权的保护,单选,张某遗失的名表被李某拾得。1年后，李某将该表卖给了王某。再过1年，王某将该表卖给了郑某。郑某将该表交给不知情的朱某维修，因郑某不付维修费与朱某发生争执，张某方知原委。下列哪一表述是正确的？,张某可请求李某返还手表,张某可请求王某返还手表,张某可请求郑某返还手表,张某可请求朱某返还手表,,C,"①《民法典》第235条规定：“无权占有不动产或者动产的，权利人可以请求返还原物。”据此，返还原物请求权的成立，须满足两个要件：（1）请求权人为物权人；（2）被请求人为现实的无权占有人。
②张某遗失的名表被李某拾得，张某为手表的所有权人（物权人），李某本为手表的无权占有人，张某对李某本享有返还原物请求权，但是李某已经将手表卖给了王某，李某不再是该手表的占有人。因此，张某对李某不再享有返还原物请求权，其无权要求李某返还手表。故A选项错误，不当选。
【注意】原书脚注标注：C（原答案为D）。本页后续关于留置权/善意取得的完整解析在PDF后续页中，当前测试PDF在第99页中断。导入时先采用书中脚注现行答案C。",返还原物请求权；留置权；善意取得
